suggestion_id,ticket_id,created_at,article_ids,confidence,route,route_reason,sent
SUGGESTION-000401,TICKET-005409,2026-07-09T18:49:00Z,ARTICLE-0142,0.56,auto_send,confidence above threshold,1
SUGGESTION-000402,TICKET-005410,2026-07-22T15:29:00Z,ARTICLE-0142,0.72,auto_send,confidence above threshold,1
SUGGESTION-000403,TICKET-005412,2026-07-27T16:43:00Z,ARTICLE-0142,0.81,human_review,area is consequential,0
SUGGESTION-000404,TICKET-005414,2026-07-22T08:14:00Z,ARTICLE-0142,0.94,human_review,area is consequential,0
SUGGESTION-000405,TICKET-005415,2026-07-25T13:16:00Z,ARTICLE-0142,0.73,human_review,area is consequential,0
SUGGESTION-000406,TICKET-005416,2026-07-12T18:52:00Z,ARTICLE-0142,0.77,human_review,area is consequential,0
SUGGESTION-000407,TICKET-005417,2026-07-07T11:08:00Z,ARTICLE-0142,0.65,auto_send,confidence above threshold,1
SUGGESTION-000408,TICKET-005418,2026-07-04T08:50:00Z,ARTICLE-0142,0.96,auto_send,confidence above threshold,1
SUGGESTION-000409,TICKET-005419,2026-07-12T08:47:00Z,ARTICLE-0142,0.69,human_review,area is consequential,0
SUGGESTION-000410,TICKET-005420,2026-07-05T16:20:00Z,ARTICLE-0142,0.89,auto_send,confidence above threshold,1
SUGGESTION-000411,TICKET-005422,2026-07-04T12:25:00Z,ARTICLE-0142,0.95,auto_send,confidence above threshold,1
SUGGESTION-000412,TICKET-005423,2026-07-01T09:00:00Z,ARTICLE-0142,0.59,human_review,area is consequential,0
SUGGESTION-000413,TICKET-005424,2026-07-01T09:54:00Z,ARTICLE-0142,0.66,human_review,area is consequential,0
SUGGESTION-000414,TICKET-005425,2026-07-12T13:29:00Z,ARTICLE-0142,0.59,human_review,area is consequential,0
SUGGESTION-000415,TICKET-005426,2026-07-16T09:17:00Z,ARTICLE-0142,0.81,auto_send,confidence above threshold,1
SUGGESTION-000416,TICKET-005427,2026-07-12T14:02:00Z,ARTICLE-0142,0.68,human_review,area is consequential,0
SUGGESTION-000417,TICKET-005428,2026-07-04T13:44:00Z,ARTICLE-0142,0.58,auto_send,confidence above threshold,1
SUGGESTION-000418,TICKET-005429,2026-07-13T07:41:00Z,ARTICLE-0142,0.72,human_review,area is consequential,0
SUGGESTION-000419,TICKET-005430,2026-07-23T14:30:00Z,ARTICLE-0142,0.86,human_review,area is consequential,0
SUGGESTION-000420,TICKET-005431,2026-07-06T16:05:00Z,ARTICLE-0142,0.6,auto_send,confidence above threshold,1
SUGGESTION-000421,TICKET-005432,2026-07-02T08:34:00Z,ARTICLE-0142,0.85,human_review,area is consequential,0
SUGGESTION-000422,TICKET-005435,2026-07-13T07:47:00Z,ARTICLE-0142,0.96,auto_send,confidence above threshold,1
SUGGESTION-000423,TICKET-005436,2026-07-27T08:20:00Z,ARTICLE-0142,0.72,auto_send,confidence above threshold,1
SUGGESTION-000424,TICKET-005438,2026-07-25T10:41:00Z,ARTICLE-0142,0.88,auto_send,confidence above threshold,1
SUGGESTION-000425,TICKET-005439,2026-07-05T16:03:00Z,ARTICLE-0142,0.85,auto_send,confidence above threshold,1
SUGGESTION-000426,TICKET-005440,2026-07-25T13:04:00Z,ARTICLE-0142,0.67,auto_send,confidence above threshold,1
SUGGESTION-000427,TICKET-005441,2026-07-09T09:07:00Z,ARTICLE-0142,0.79,auto_send,confidence above threshold,1
SUGGESTION-000428,TICKET-005444,2026-07-01T11:41:00Z,ARTICLE-0142,0.97,auto_send,confidence above threshold,1
SUGGESTION-000429,TICKET-005445,2026-07-07T14:38:00Z,ARTICLE-0142,0.87,auto_send,confidence above threshold,1
SUGGESTION-000430,TICKET-005446,2026-07-13T18:26:00Z,ARTICLE-0142,0.74,human_review,area is consequential,0
SUGGESTION-000431,TICKET-005448,2026-07-03T17:35:00Z,ARTICLE-0142,0.96,human_review,area is consequential,0
SUGGESTION-000432,TICKET-005450,2026-07-20T08:36:00Z,ARTICLE-0142,0.56,human_review,area is consequential,0
SUGGESTION-000433,TICKET-005452,2026-07-25T12:35:00Z,ARTICLE-0142,0.81,auto_send,confidence above threshold,1
SUGGESTION-000434,TICKET-005454,2026-07-12T10:42:00Z,ARTICLE-0142,0.77,auto_send,confidence above threshold,1
SUGGESTION-000435,TICKET-005455,2026-07-18T14:51:00Z,ARTICLE-0142,0.96,auto_send,confidence above threshold,1
SUGGESTION-000436,TICKET-005456,2026-07-24T07:28:00Z,ARTICLE-0142,0.64,auto_send,confidence above threshold,1
SUGGESTION-000437,TICKET-005457,2026-07-17T09:09:00Z,ARTICLE-0142,0.57,human_review,area is consequential,0
SUGGESTION-000438,TICKET-005459,2026-07-27T10:13:00Z,ARTICLE-0142,0.89,human_review,area is consequential,0
SUGGESTION-000439,TICKET-005460,2026-07-18T13:05:00Z,ARTICLE-0142,0.75,auto_send,confidence above threshold,1
SUGGESTION-000440,TICKET-005461,2026-07-21T11:20:00Z,ARTICLE-0142,0.6,human_review,area is consequential,0
SUGGESTION-000441,TICKET-005462,2026-07-17T15:32:00Z,ARTICLE-0142,0.78,auto_send,confidence above threshold,1
SUGGESTION-000442,TICKET-005463,2026-07-26T07:22:00Z,ARTICLE-0142,0.97,auto_send,confidence above threshold,1
SUGGESTION-000443,TICKET-005464,2026-07-01T08:01:00Z,ARTICLE-0142,0.8,human_review,area is consequential,0
SUGGESTION-000444,TICKET-005465,2026-07-27T07:03:00Z,ARTICLE-0142,0.87,human_review,area is consequential,0
SUGGESTION-000445,TICKET-005467,2026-07-15T08:58:00Z,ARTICLE-0142,0.61,auto_send,confidence above threshold,1
SUGGESTION-000446,TICKET-005468,2026-07-16T15:16:00Z,ARTICLE-0142,0.65,human_review,area is consequential,0
SUGGESTION-000447,TICKET-005469,2026-07-01T11:48:00Z,ARTICLE-0142,0.62,auto_send,confidence above threshold,1
SUGGESTION-000448,TICKET-005471,2026-07-01T09:52:00Z,ARTICLE-0142,0.81,human_review,area is consequential,0
SUGGESTION-000449,TICKET-005472,2026-07-23T09:44:00Z,ARTICLE-0142,0.57,human_review,area is consequential,0
SUGGESTION-000450,TICKET-005474,2026-07-16T14:32:00Z,ARTICLE-0142,0.73,auto_send,confidence above threshold,1
SUGGESTION-000451,TICKET-005475,2026-07-25T13:56:00Z,ARTICLE-0142,0.91,human_review,area is consequential,0
SUGGESTION-000452,TICKET-005477,2026-07-09T09:45:00Z,ARTICLE-0142,0.72,human_review,area is consequential,0
SUGGESTION-000453,TICKET-005478,2026-07-24T12:35:00Z,ARTICLE-0142,0.74,auto_send,confidence above threshold,1
SUGGESTION-000454,TICKET-005479,2026-07-12T12:41:00Z,ARTICLE-0142,0.91,auto_send,confidence above threshold,1
SUGGESTION-000455,TICKET-005482,2026-07-20T11:21:00Z,ARTICLE-0142,0.76,human_review,area is consequential,0
SUGGESTION-000456,TICKET-005485,2026-07-16T12:14:00Z,ARTICLE-0142,0.76,human_review,area is consequential,0
SUGGESTION-000457,TICKET-005486,2026-07-17T13:40:00Z,ARTICLE-0142,0.69,auto_send,confidence above threshold,1
SUGGESTION-000458,TICKET-005488,2026-07-07T14:02:00Z,ARTICLE-0142,0.58,auto_send,confidence above threshold,1
SUGGESTION-000459,TICKET-005489,2026-07-25T13:33:00Z,ARTICLE-0142,0.84,auto_send,confidence above threshold,1
SUGGESTION-000460,TICKET-005490,2026-07-16T14:32:00Z,ARTICLE-0142,0.97,auto_send,confidence above threshold,1
SUGGESTION-000461,TICKET-005492,2026-07-24T15:57:00Z,ARTICLE-0142,0.95,auto_send,confidence above threshold,1
SUGGESTION-000462,TICKET-005493,2026-07-15T12:18:00Z,ARTICLE-0142,0.89,auto_send,confidence above threshold,1
SUGGESTION-000463,TICKET-005494,2026-07-06T09:24:00Z,ARTICLE-0142,0.68,auto_send,confidence above threshold,1
SUGGESTION-000464,TICKET-005495,2026-07-03T08:46:00Z,ARTICLE-0142,0.58,human_review,area is consequential,0
SUGGESTION-000465,TICKET-005496,2026-07-02T13:40:00Z,ARTICLE-0142,0.65,human_review,area is consequential,0
SUGGESTION-000466,TICKET-005500,2026-07-20T07:08:00Z,ARTICLE-0142,0.61,auto_send,confidence above threshold,1
SUGGESTION-000467,TICKET-005502,2026-07-22T09:37:00Z,ARTICLE-0142,0.81,human_review,area is consequential,0
SUGGESTION-000468,TICKET-005504,2026-07-25T08:26:00Z,ARTICLE-0142,0.64,auto_send,confidence above threshold,1
SUGGESTION-000469,TICKET-005506,2026-07-17T07:25:00Z,ARTICLE-0142,0.6,human_review,area is consequential,0
SUGGESTION-000470,TICKET-005507,2026-07-26T15:42:00Z,ARTICLE-0142,0.56,auto_send,confidence above threshold,1
SUGGESTION-000471,TICKET-005514,2026-07-08T16:47:00Z,ARTICLE-0142,0.85,human_review,area is consequential,0
SUGGESTION-000472,TICKET-005518,2026-07-23T18:07:00Z,ARTICLE-0142,0.72,auto_send,confidence above threshold,1
SUGGESTION-000473,TICKET-005519,2026-07-27T07:41:00Z,ARTICLE-0142,0.86,auto_send,confidence above threshold,1
SUGGESTION-000474,TICKET-005520,2026-07-17T11:31:00Z,ARTICLE-0142,0.64,auto_send,confidence above threshold,1
SUGGESTION-000475,TICKET-005521,2026-07-13T18:23:00Z,ARTICLE-0142,0.61,human_review,area is consequential,0
SUGGESTION-000476,TICKET-005522,2026-07-15T16:50:00Z,ARTICLE-0142,0.78,auto_send,confidence above threshold,1
SUGGESTION-000477,TICKET-005523,2026-07-14T08:09:00Z,ARTICLE-0142,0.75,auto_send,confidence above threshold,1
SUGGESTION-000478,TICKET-005524,2026-07-17T07:03:00Z,ARTICLE-0142,0.89,auto_send,confidence above threshold,1
SUGGESTION-000479,TICKET-005525,2026-07-01T10:36:00Z,ARTICLE-0142,0.79,auto_send,confidence above threshold,1
SUGGESTION-000480,TICKET-005528,2026-07-06T08:30:00Z,ARTICLE-0142,0.61,auto_send,confidence above threshold,1
SUGGESTION-000481,TICKET-005530,2026-07-21T16:17:00Z,ARTICLE-0142,0.85,auto_send,confidence above threshold,1
SUGGESTION-000482,TICKET-005531,2026-07-27T08:23:00Z,ARTICLE-0142,0.95,human_review,area is consequential,0
SUGGESTION-000483,TICKET-005532,2026-07-23T15:46:00Z,ARTICLE-0142,0.74,human_review,area is consequential,0
SUGGESTION-000484,TICKET-005533,2026-07-17T08:25:00Z,ARTICLE-0142,0.8,auto_send,confidence above threshold,1
SUGGESTION-000485,TICKET-005534,2026-07-15T11:15:00Z,ARTICLE-0142,0.91,human_review,area is consequential,0
SUGGESTION-000486,TICKET-005535,2026-07-02T10:51:00Z,ARTICLE-0142,0.9,auto_send,confidence above threshold,1
SUGGESTION-000487,TICKET-005536,2026-07-23T07:40:00Z,ARTICLE-0142,0.68,human_review,area is consequential,0
SUGGESTION-000488,TICKET-005538,2026-07-24T18:01:00Z,ARTICLE-0142,0.76,human_review,area is consequential,0
SUGGESTION-000489,TICKET-005539,2026-07-01T13:40:00Z,ARTICLE-0142,0.69,human_review,area is consequential,0
SUGGESTION-000490,TICKET-005542,2026-07-24T15:50:00Z,ARTICLE-0142,0.89,auto_send,confidence above threshold,1
SUGGESTION-000491,TICKET-005543,2026-07-10T13:07:00Z,ARTICLE-0142,0.86,human_review,area is consequential,0
SUGGESTION-000492,TICKET-005544,2026-07-05T15:16:00Z,ARTICLE-0142,0.61,auto_send,confidence above threshold,1
SUGGESTION-000493,TICKET-005546,2026-07-18T07:59:00Z,ARTICLE-0142,0.76,auto_send,confidence above threshold,1
SUGGESTION-000494,TICKET-005547,2026-07-20T09:17:00Z,ARTICLE-0142,0.7,human_review,area is consequential,0
SUGGESTION-000495,TICKET-005548,2026-07-26T13:44:00Z,ARTICLE-0142,0.56,auto_send,confidence above threshold,1
SUGGESTION-000496,TICKET-005549,2026-07-06T18:02:00Z,ARTICLE-0142,0.72,auto_send,confidence above threshold,1
SUGGESTION-000497,TICKET-005550,2026-07-27T18:27:00Z,ARTICLE-0142,0.55,auto_send,confidence above threshold,1
SUGGESTION-000498,TICKET-005551,2026-07-10T18:43:00Z,ARTICLE-0142,0.63,human_review,area is consequential,0
SUGGESTION-000499,TICKET-005552,2026-07-04T12:24:00Z,ARTICLE-0142,0.61,human_review,area is consequential,0
SUGGESTION-000500,TICKET-005554,2026-07-20T18:11:00Z,ARTICLE-0142,0.85,auto_send,confidence above threshold,1
SUGGESTION-000501,TICKET-005556,2026-07-13T07:07:00Z,ARTICLE-0142,0.75,auto_send,confidence above threshold,1
SUGGESTION-000502,TICKET-005557,2026-07-14T07:25:00Z,ARTICLE-0142,0.93,human_review,area is consequential,0
SUGGESTION-000503,TICKET-005558,2026-07-11T16:57:00Z,ARTICLE-0142,0.8,auto_send,confidence above threshold,1
SUGGESTION-000504,TICKET-005560,2026-07-25T13:15:00Z,ARTICLE-0142,0.88,human_review,area is consequential,0
SUGGESTION-000505,TICKET-005563,2026-07-18T10:18:00Z,ARTICLE-0142,0.92,auto_send,confidence above threshold,1
SUGGESTION-000506,TICKET-005564,2026-07-25T13:00:00Z,ARTICLE-0142,0.84,human_review,area is consequential,0
SUGGESTION-000507,TICKET-005565,2026-07-18T17:45:00Z,ARTICLE-0142,0.59,auto_send,confidence above threshold,1
SUGGESTION-000508,TICKET-005567,2026-07-05T08:02:00Z,ARTICLE-0142,0.9,auto_send,confidence above threshold,1
SUGGESTION-000509,TICKET-005568,2026-07-11T08:19:00Z,ARTICLE-0142,0.62,human_review,area is consequential,0
SUGGESTION-000510,TICKET-005569,2026-07-06T15:35:00Z,ARTICLE-0142,0.93,auto_send,confidence above threshold,1
SUGGESTION-000511,TICKET-005571,2026-07-02T13:48:00Z,ARTICLE-0142,0.57,auto_send,confidence above threshold,1
SUGGESTION-000512,TICKET-005572,2026-07-08T12:01:00Z,ARTICLE-0142,0.66,auto_send,confidence above threshold,1
SUGGESTION-000513,TICKET-005573,2026-07-16T16:53:00Z,ARTICLE-0142,0.86,human_review,area is consequential,0
SUGGESTION-000514,TICKET-005574,2026-07-13T07:20:00Z,ARTICLE-0142,0.78,human_review,area is consequential,0
SUGGESTION-000515,TICKET-005575,2026-07-14T07:55:00Z,ARTICLE-0142,0.83,auto_send,confidence above threshold,1
SUGGESTION-000516,TICKET-005576,2026-07-01T10:34:00Z,ARTICLE-0142,0.89,auto_send,confidence above threshold,1
SUGGESTION-000517,TICKET-005577,2026-07-02T16:33:00Z,ARTICLE-0142,0.82,human_review,area is consequential,0
SUGGESTION-000518,TICKET-005578,2026-07-19T13:49:00Z,ARTICLE-0142,0.84,auto_send,confidence above threshold,1
SUGGESTION-000519,TICKET-005581,2026-07-09T16:22:00Z,ARTICLE-0142,0.94,auto_send,confidence above threshold,1
SUGGESTION-000520,TICKET-005582,2026-07-08T07:18:00Z,ARTICLE-0142,0.7,auto_send,confidence above threshold,1
SUGGESTION-000521,TICKET-005583,2026-07-10T10:02:00Z,ARTICLE-0142,0.74,auto_send,confidence above threshold,1
SUGGESTION-000522,TICKET-005585,2026-07-27T15:20:00Z,ARTICLE-0142,0.58,human_review,area is consequential,0
SUGGESTION-000523,TICKET-005586,2026-07-16T12:04:00Z,ARTICLE-0142,0.61,human_review,area is consequential,0
SUGGESTION-000524,TICKET-005587,2026-07-09T15:03:00Z,ARTICLE-0142,0.94,auto_send,confidence above threshold,1
SUGGESTION-000525,TICKET-005589,2026-07-20T14:31:00Z,ARTICLE-0142,0.97,auto_send,confidence above threshold,1
SUGGESTION-000526,TICKET-005591,2026-07-01T13:47:00Z,ARTICLE-0142,0.79,human_review,area is consequential,0
SUGGESTION-000527,TICKET-005592,2026-07-23T10:51:00Z,ARTICLE-0142,0.58,auto_send,confidence above threshold,1
SUGGESTION-000528,TICKET-005596,2026-07-21T10:03:00Z,ARTICLE-0142,0.57,auto_send,confidence above threshold,1
SUGGESTION-000529,TICKET-005597,2026-07-18T12:38:00Z,ARTICLE-0142,0.57,auto_send,confidence above threshold,1
SUGGESTION-000530,TICKET-005598,2026-07-03T14:09:00Z,ARTICLE-0142,0.56,human_review,area is consequential,0
SUGGESTION-000531,TICKET-005599,2026-07-09T18:36:00Z,ARTICLE-0142,0.91,human_review,area is consequential,0
SUGGESTION-000532,TICKET-005604,2026-07-01T14:54:00Z,ARTICLE-0142,0.72,auto_send,confidence above threshold,1
SUGGESTION-000533,TICKET-005605,2026-07-03T07:21:00Z,ARTICLE-0142,0.61,auto_send,confidence above threshold,1
SUGGESTION-000534,TICKET-005606,2026-07-16T08:33:00Z,ARTICLE-0142,0.97,auto_send,confidence above threshold,1
SUGGESTION-000535,TICKET-005609,2026-07-15T09:58:00Z,ARTICLE-0142,0.61,auto_send,confidence above threshold,1
SUGGESTION-000536,TICKET-005612,2026-07-24T12:23:00Z,ARTICLE-0142,0.84,auto_send,confidence above threshold,1
SUGGESTION-000537,TICKET-005613,2026-07-04T09:13:00Z,ARTICLE-0142,0.94,auto_send,confidence above threshold,1
SUGGESTION-000538,TICKET-005614,2026-07-14T13:31:00Z,ARTICLE-0142,0.92,auto_send,confidence above threshold,1
SUGGESTION-000539,TICKET-005615,2026-07-01T13:25:00Z,ARTICLE-0142,0.97,auto_send,confidence above threshold,1
SUGGESTION-000540,TICKET-005617,2026-07-09T16:55:00Z,ARTICLE-0142,0.55,auto_send,confidence above threshold,1
SUGGESTION-000541,TICKET-005618,2026-07-24T14:24:00Z,ARTICLE-0142,0.72,auto_send,confidence above threshold,1
SUGGESTION-000542,TICKET-005620,2026-07-08T13:58:00Z,ARTICLE-0142,0.71,auto_send,confidence above threshold,1
SUGGESTION-000543,TICKET-005621,2026-07-22T11:53:00Z,ARTICLE-0142,0.83,auto_send,confidence above threshold,1
SUGGESTION-000544,TICKET-005623,2026-07-05T17:08:00Z,ARTICLE-0142,0.61,auto_send,confidence above threshold,1
SUGGESTION-000545,TICKET-005624,2026-07-12T09:30:00Z,ARTICLE-0142,0.58,human_review,area is consequential,0
SUGGESTION-000546,TICKET-005626,2026-07-17T13:32:00Z,ARTICLE-0142,0.9,human_review,area is consequential,0
SUGGESTION-000547,TICKET-005628,2026-07-17T14:27:00Z,ARTICLE-0142,0.65,human_review,area is consequential,0
SUGGESTION-000548,TICKET-005630,2026-07-04T17:40:00Z,ARTICLE-0142,0.86,auto_send,confidence above threshold,1
SUGGESTION-000549,TICKET-005631,2026-07-19T08:06:00Z,ARTICLE-0142,0.8,auto_send,confidence above threshold,1
SUGGESTION-000550,TICKET-005632,2026-07-19T07:35:00Z,ARTICLE-0142,0.67,human_review,area is consequential,0
SUGGESTION-000551,TICKET-005633,2026-07-06T07:45:00Z,ARTICLE-0142,0.65,auto_send,confidence above threshold,1
SUGGESTION-000552,TICKET-005634,2026-07-16T15:14:00Z,ARTICLE-0142,0.8,auto_send,confidence above threshold,1
SUGGESTION-000553,TICKET-005635,2026-07-14T15:51:00Z,ARTICLE-0142,0.9,human_review,area is consequential,0
SUGGESTION-000554,TICKET-005636,2026-07-16T09:58:00Z,ARTICLE-0142,0.81,human_review,area is consequential,0
SUGGESTION-000555,TICKET-005638,2026-07-17T16:41:00Z,ARTICLE-0142,0.56,auto_send,confidence above threshold,1
SUGGESTION-000556,TICKET-005639,2026-07-14T17:51:00Z,ARTICLE-0142,0.63,auto_send,confidence above threshold,1
SUGGESTION-000557,TICKET-005647,2026-07-02T10:45:00Z,ARTICLE-0142,0.84,human_review,area is consequential,0
SUGGESTION-000558,TICKET-005648,2026-07-17T14:50:00Z,ARTICLE-0142,0.82,human_review,area is consequential,0
SUGGESTION-000559,TICKET-005650,2026-07-26T07:42:00Z,ARTICLE-0142,0.8,human_review,area is consequential,0
SUGGESTION-000560,TICKET-005651,2026-07-27T15:45:00Z,ARTICLE-0142,0.92,human_review,area is consequential,0
SUGGESTION-000561,TICKET-005653,2026-07-03T17:34:00Z,ARTICLE-0142,0.77,auto_send,confidence above threshold,1
SUGGESTION-000562,TICKET-005654,2026-07-13T14:02:00Z,ARTICLE-0142,0.86,human_review,area is consequential,0
SUGGESTION-000563,TICKET-005655,2026-07-19T11:04:00Z,ARTICLE-0142,0.67,auto_send,confidence above threshold,1
SUGGESTION-000564,TICKET-005656,2026-07-16T11:28:00Z,ARTICLE-0142,0.9,auto_send,confidence above threshold,1
SUGGESTION-000565,TICKET-005657,2026-07-15T10:06:00Z,ARTICLE-0142,0.68,human_review,area is consequential,0
SUGGESTION-000566,TICKET-005658,2026-07-12T07:52:00Z,ARTICLE-0142,0.67,human_review,area is consequential,0
SUGGESTION-000567,TICKET-005660,2026-07-15T11:25:00Z,ARTICLE-0142,0.82,human_review,area is consequential,0
SUGGESTION-000568,TICKET-005661,2026-07-02T10:10:00Z,ARTICLE-0142,0.64,auto_send,confidence above threshold,1
SUGGESTION-000569,TICKET-005662,2026-07-26T11:32:00Z,ARTICLE-0142,0.8,auto_send,confidence above threshold,1
SUGGESTION-000570,TICKET-005664,2026-07-10T14:14:00Z,ARTICLE-0142,0.7,human_review,area is consequential,0
SUGGESTION-000571,TICKET-005665,2026-07-22T15:13:00Z,ARTICLE-0142,0.56,human_review,area is consequential,0
SUGGESTION-000572,TICKET-005666,2026-07-23T10:59:00Z,ARTICLE-0142,0.61,human_review,area is consequential,0
SUGGESTION-000573,TICKET-005668,2026-07-06T18:11:00Z,ARTICLE-0142,0.84,auto_send,confidence above threshold,1
SUGGESTION-000574,TICKET-005669,2026-07-13T17:33:00Z,ARTICLE-0142,0.73,auto_send,confidence above threshold,1
SUGGESTION-000575,TICKET-005670,2026-07-22T11:47:00Z,ARTICLE-0142,0.7,auto_send,confidence above threshold,1
SUGGESTION-000576,TICKET-005672,2026-07-16T13:46:00Z,ARTICLE-0142,0.94,auto_send,confidence above threshold,1
SUGGESTION-000577,TICKET-005673,2026-07-06T12:38:00Z,ARTICLE-0142,0.83,auto_send,confidence above threshold,1
SUGGESTION-000578,TICKET-005679,2026-07-10T09:00:00Z,ARTICLE-0142,0.81,auto_send,confidence above threshold,1
SUGGESTION-000579,TICKET-005680,2026-07-06T16:38:00Z,ARTICLE-0142,0.74,auto_send,confidence above threshold,1
SUGGESTION-000580,TICKET-005681,2026-07-21T10:50:00Z,ARTICLE-0142,0.82,human_review,area is consequential,0
SUGGESTION-000581,TICKET-005685,2026-07-17T12:03:00Z,ARTICLE-0142,0.85,auto_send,confidence above threshold,1
SUGGESTION-000582,TICKET-005686,2026-07-06T09:31:00Z,ARTICLE-0142,0.79,auto_send,confidence above threshold,1
SUGGESTION-000583,TICKET-005687,2026-07-26T10:01:00Z,ARTICLE-0142,0.63,human_review,area is consequential,0
SUGGESTION-000584,TICKET-005688,2026-07-04T13:57:00Z,ARTICLE-0142,0.75,auto_send,confidence above threshold,1
SUGGESTION-000585,TICKET-005689,2026-07-17T13:25:00Z,ARTICLE-0142,0.55,human_review,area is consequential,0
SUGGESTION-000586,TICKET-005690,2026-07-05T16:40:00Z,ARTICLE-0142,0.76,auto_send,confidence above threshold,1
SUGGESTION-000587,TICKET-005691,2026-07-26T11:06:00Z,ARTICLE-0142,0.8,auto_send,confidence above threshold,1
SUGGESTION-000588,TICKET-005693,2026-07-09T15:48:00Z,ARTICLE-0142,0.94,human_review,area is consequential,0
SUGGESTION-000589,TICKET-005694,2026-07-03T17:43:00Z,ARTICLE-0142,0.92,human_review,area is consequential,0
SUGGESTION-000590,TICKET-005697,2026-07-02T15:54:00Z,ARTICLE-0142,0.68,human_review,area is consequential,0
SUGGESTION-000591,TICKET-005698,2026-07-25T10:23:00Z,ARTICLE-0142,0.64,human_review,area is consequential,0
SUGGESTION-000592,TICKET-005700,2026-07-06T11:35:00Z,ARTICLE-0142,0.74,human_review,area is consequential,0
SUGGESTION-000593,TICKET-005706,2026-07-20T07:46:00Z,ARTICLE-0142,0.8,auto_send,confidence above threshold,1
SUGGESTION-000594,TICKET-005707,2026-07-02T18:09:00Z,ARTICLE-0142,0.56,auto_send,confidence above threshold,1
SUGGESTION-000595,TICKET-005708,2026-07-15T08:33:00Z,ARTICLE-0142,0.62,auto_send,confidence above threshold,1
SUGGESTION-000596,TICKET-005709,2026-07-02T17:53:00Z,ARTICLE-0142,0.72,auto_send,confidence above threshold,1
SUGGESTION-000597,TICKET-005710,2026-07-06T17:05:00Z,ARTICLE-0142,0.82,human_review,area is consequential,0
SUGGESTION-000598,TICKET-005711,2026-07-08T17:53:00Z,ARTICLE-0142,0.76,auto_send,confidence above threshold,1
SUGGESTION-000599,TICKET-005714,2026-07-10T11:17:00Z,ARTICLE-0142,0.75,human_review,area is consequential,0
SUGGESTION-000600,TICKET-005715,2026-07-07T14:37:00Z,ARTICLE-0142,0.56,auto_send,confidence above threshold,1
SUGGESTION-000601,TICKET-005716,2026-07-13T09:05:00Z,ARTICLE-0142,0.85,auto_send,confidence above threshold,1
SUGGESTION-000602,TICKET-005718,2026-07-11T14:46:00Z,ARTICLE-0142,0.9,human_review,area is consequential,0
SUGGESTION-000603,TICKET-005720,2026-07-02T16:52:00Z,ARTICLE-0142,0.75,auto_send,confidence above threshold,1
SUGGESTION-000604,TICKET-005722,2026-07-14T14:32:00Z,ARTICLE-0142,0.81,human_review,area is consequential,0
SUGGESTION-000605,TICKET-005723,2026-07-22T10:20:00Z,ARTICLE-0142,0.72,human_review,area is consequential,0
SUGGESTION-000606,TICKET-005725,2026-07-03T15:10:00Z,ARTICLE-0142,0.72,human_review,area is consequential,0
SUGGESTION-000607,TICKET-005727,2026-07-08T12:44:00Z,ARTICLE-0142,0.8,human_review,area is consequential,0
SUGGESTION-000608,TICKET-005728,2026-07-04T11:13:00Z,ARTICLE-0142,0.89,human_review,area is consequential,0
SUGGESTION-000609,TICKET-005729,2026-07-21T17:06:00Z,ARTICLE-0142,0.83,auto_send,confidence above threshold,1
SUGGESTION-000610,TICKET-005730,2026-07-18T14:03:00Z,ARTICLE-0142,0.97,auto_send,confidence above threshold,1
SUGGESTION-000611,TICKET-005732,2026-07-20T09:47:00Z,ARTICLE-0142,0.63,human_review,area is consequential,0
SUGGESTION-000612,TICKET-005733,2026-07-18T14:30:00Z,ARTICLE-0142,0.59,auto_send,confidence above threshold,1
SUGGESTION-000613,TICKET-005734,2026-07-07T15:08:00Z,ARTICLE-0142,0.92,human_review,area is consequential,0
SUGGESTION-000614,TICKET-005738,2026-07-23T10:51:00Z,ARTICLE-0142,0.58,auto_send,confidence above threshold,1
SUGGESTION-000615,TICKET-005739,2026-07-01T08:42:00Z,ARTICLE-0142,0.75,human_review,area is consequential,0
SUGGESTION-000616,TICKET-005741,2026-07-20T07:47:00Z,ARTICLE-0142,0.6,human_review,area is consequential,0
SUGGESTION-000617,TICKET-005742,2026-07-24T13:39:00Z,ARTICLE-0142,0.59,auto_send,confidence above threshold,1
SUGGESTION-000618,TICKET-005743,2026-07-24T17:05:00Z,ARTICLE-0142,0.6,human_review,area is consequential,0
SUGGESTION-000619,TICKET-005744,2026-07-02T14:11:00Z,ARTICLE-0142,0.95,auto_send,confidence above threshold,1
SUGGESTION-000620,TICKET-005745,2026-07-12T08:53:00Z,ARTICLE-0142,0.92,auto_send,confidence above threshold,1
SUGGESTION-000621,TICKET-005746,2026-07-20T10:20:00Z,ARTICLE-0142,0.64,human_review,area is consequential,0
SUGGESTION-000622,TICKET-005747,2026-07-07T10:48:00Z,ARTICLE-0142,0.64,auto_send,confidence above threshold,1
SUGGESTION-000623,TICKET-005749,2026-07-08T09:24:00Z,ARTICLE-0142,0.55,human_review,area is consequential,0
SUGGESTION-000624,TICKET-005750,2026-07-08T07:28:00Z,ARTICLE-0142,0.84,human_review,area is consequential,0
SUGGESTION-000625,TICKET-005752,2026-07-22T12:25:00Z,ARTICLE-0142,0.61,human_review,area is consequential,0
SUGGESTION-000626,TICKET-005753,2026-07-06T11:17:00Z,ARTICLE-0142,0.71,auto_send,confidence above threshold,1
SUGGESTION-000627,TICKET-005754,2026-07-08T10:49:00Z,ARTICLE-0142,0.64,auto_send,confidence above threshold,1
SUGGESTION-000628,TICKET-005755,2026-07-12T16:54:00Z,ARTICLE-0142,0.9,auto_send,confidence above threshold,1
SUGGESTION-000629,TICKET-005756,2026-07-26T07:22:00Z,ARTICLE-0142,0.79,human_review,area is consequential,0
SUGGESTION-000630,TICKET-005757,2026-07-19T11:56:00Z,ARTICLE-0142,0.67,auto_send,confidence above threshold,1
SUGGESTION-000631,TICKET-005758,2026-07-14T13:33:00Z,ARTICLE-0142,0.83,human_review,area is consequential,0
SUGGESTION-000632,TICKET-005759,2026-07-19T09:28:00Z,ARTICLE-0142,0.65,auto_send,confidence above threshold,1
SUGGESTION-000633,TICKET-005761,2026-07-06T10:22:00Z,ARTICLE-0142,0.59,auto_send,confidence above threshold,1
SUGGESTION-000634,TICKET-005762,2026-07-23T07:02:00Z,ARTICLE-0142,0.95,auto_send,confidence above threshold,1
SUGGESTION-000635,TICKET-005763,2026-07-15T10:25:00Z,ARTICLE-0142,0.57,human_review,area is consequential,0
SUGGESTION-000636,TICKET-005764,2026-07-12T15:51:00Z,ARTICLE-0142,0.65,auto_send,confidence above threshold,1
SUGGESTION-000637,TICKET-005765,2026-07-17T15:07:00Z,ARTICLE-0142,0.79,auto_send,confidence above threshold,1
SUGGESTION-000638,TICKET-005766,2026-07-24T12:02:00Z,ARTICLE-0142,0.57,human_review,area is consequential,0
SUGGESTION-000639,TICKET-005769,2026-07-16T12:52:00Z,ARTICLE-0142,0.66,human_review,area is consequential,0
SUGGESTION-000640,TICKET-005770,2026-07-26T07:43:00Z,ARTICLE-0142,0.62,human_review,area is consequential,0
SUGGESTION-000641,TICKET-005771,2026-07-24T13:59:00Z,ARTICLE-0142,0.82,human_review,area is consequential,0
SUGGESTION-000642,TICKET-005772,2026-07-23T13:26:00Z,ARTICLE-0142,0.64,human_review,area is consequential,0
SUGGESTION-000643,TICKET-005773,2026-07-26T11:22:00Z,ARTICLE-0142,0.71,auto_send,confidence above threshold,1
SUGGESTION-000644,TICKET-005774,2026-07-06T12:30:00Z,ARTICLE-0142,0.86,auto_send,confidence above threshold,1
SUGGESTION-000645,TICKET-005775,2026-07-14T18:22:00Z,ARTICLE-0142,0.72,auto_send,confidence above threshold,1
SUGGESTION-000646,TICKET-005776,2026-07-19T16:13:00Z,ARTICLE-0142,0.66,human_review,area is consequential,0
SUGGESTION-000647,TICKET-005777,2026-07-18T15:16:00Z,ARTICLE-0142,0.56,human_review,area is consequential,0
SUGGESTION-000648,TICKET-005779,2026-07-16T07:20:00Z,ARTICLE-0142,0.72,auto_send,confidence above threshold,1
SUGGESTION-000649,TICKET-005781,2026-07-21T13:05:00Z,ARTICLE-0142,0.57,human_review,area is consequential,0
SUGGESTION-000650,TICKET-005782,2026-07-04T08:24:00Z,ARTICLE-0142,0.61,human_review,area is consequential,0
SUGGESTION-000651,TICKET-005783,2026-07-07T11:28:00Z,ARTICLE-0142,0.56,auto_send,confidence above threshold,1
SUGGESTION-000652,TICKET-005786,2026-07-05T16:10:00Z,ARTICLE-0142,0.75,auto_send,confidence above threshold,1
SUGGESTION-000653,TICKET-005787,2026-07-23T16:48:00Z,ARTICLE-0142,0.89,human_review,area is consequential,0
SUGGESTION-000654,TICKET-005788,2026-07-12T18:25:00Z,ARTICLE-0142,0.89,human_review,area is consequential,0
SUGGESTION-000655,TICKET-005789,2026-07-01T09:21:00Z,ARTICLE-0142,0.88,human_review,area is consequential,0
SUGGESTION-000656,TICKET-005790,2026-07-27T14:10:00Z,ARTICLE-0142,0.87,auto_send,confidence above threshold,1
SUGGESTION-000657,TICKET-005791,2026-07-09T10:17:00Z,ARTICLE-0142,0.66,auto_send,confidence above threshold,1
SUGGESTION-000658,TICKET-005792,2026-07-12T12:06:00Z,ARTICLE-0142,0.71,human_review,area is consequential,0
SUGGESTION-000659,TICKET-005793,2026-07-13T18:21:00Z,ARTICLE-0142,0.92,human_review,area is consequential,0
SUGGESTION-000660,TICKET-005817,2026-08-17T13:38:00Z,ARTICLE-0142,0.62,auto_send,confidence above threshold,1
SUGGESTION-000661,TICKET-005819,2026-08-13T18:44:00Z,ARTICLE-0142,0.83,human_review,area is consequential,0
SUGGESTION-000662,TICKET-005820,2026-08-21T11:19:00Z,ARTICLE-0142,0.76,human_review,area is consequential,0
SUGGESTION-000663,TICKET-005821,2026-08-14T11:22:00Z,ARTICLE-0142,0.94,auto_send,confidence above threshold,1
SUGGESTION-000664,TICKET-005823,2026-08-07T16:57:00Z,ARTICLE-0142,0.8,human_review,area is consequential,0
SUGGESTION-000665,TICKET-005824,2026-08-26T16:15:00Z,ARTICLE-0142,0.95,auto_send,confidence above threshold,1
SUGGESTION-000666,TICKET-005825,2026-08-11T17:47:00Z,ARTICLE-0142,0.85,human_review,area is consequential,0
SUGGESTION-000667,TICKET-005826,2026-08-02T15:53:00Z,ARTICLE-0142,0.8,human_review,area is consequential,0
SUGGESTION-000668,TICKET-005827,2026-08-13T11:32:00Z,ARTICLE-0142,0.59,auto_send,confidence above threshold,1
SUGGESTION-000669,TICKET-005828,2026-08-11T08:23:00Z,ARTICLE-0142,0.92,auto_send,confidence above threshold,1
SUGGESTION-000670,TICKET-005829,2026-08-18T09:08:00Z,ARTICLE-0142,0.67,auto_send,confidence above threshold,1
SUGGESTION-000671,TICKET-005830,2026-08-07T16:40:00Z,ARTICLE-0142,0.65,auto_send,confidence above threshold,1
SUGGESTION-000672,TICKET-005831,2026-08-19T14:13:00Z,ARTICLE-0142,0.58,human_review,area is consequential,0
SUGGESTION-000673,TICKET-005832,2026-08-23T07:44:00Z,ARTICLE-0142,0.77,human_review,area is consequential,0
SUGGESTION-000674,TICKET-005833,2026-08-17T17:45:00Z,ARTICLE-0142,0.83,human_review,area is consequential,0
SUGGESTION-000675,TICKET-005834,2026-08-14T13:02:00Z,ARTICLE-0142,0.95,human_review,area is consequential,0
SUGGESTION-000676,TICKET-005835,2026-08-03T08:55:00Z,ARTICLE-0142,0.75,human_review,area is consequential,0
SUGGESTION-000677,TICKET-005836,2026-08-08T15:36:00Z,ARTICLE-0142,0.81,auto_send,confidence above threshold,1
SUGGESTION-000678,TICKET-005837,2026-08-27T18:39:00Z,ARTICLE-0142,0.71,human_review,area is consequential,0
SUGGESTION-000679,TICKET-005838,2026-08-03T14:02:00Z,ARTICLE-0142,0.6,auto_send,confidence above threshold,1
SUGGESTION-000680,TICKET-005841,2026-08-22T16:56:00Z,ARTICLE-0142,0.59,auto_send,confidence above threshold,1
SUGGESTION-000681,TICKET-005845,2026-08-26T12:43:00Z,ARTICLE-0142,0.67,human_review,area is consequential,0
SUGGESTION-000682,TICKET-005846,2026-08-07T13:15:00Z,ARTICLE-0142,0.79,auto_send,confidence above threshold,1
SUGGESTION-000683,TICKET-005847,2026-08-04T16:20:00Z,ARTICLE-0142,0.58,auto_send,confidence above threshold,1
SUGGESTION-000684,TICKET-005848,2026-08-20T12:27:00Z,ARTICLE-0142,0.73,auto_send,confidence above threshold,1
SUGGESTION-000685,TICKET-005849,2026-08-12T16:02:00Z,ARTICLE-0142,0.57,auto_send,confidence above threshold,1
SUGGESTION-000686,TICKET-005850,2026-08-22T14:37:00Z,ARTICLE-0142,0.88,auto_send,confidence above threshold,1
SUGGESTION-000687,TICKET-005851,2026-08-21T16:26:00Z,ARTICLE-0142,0.87,human_review,area is consequential,0
SUGGESTION-000688,TICKET-005852,2026-08-02T08:07:00Z,ARTICLE-0142,0.6,auto_send,confidence above threshold,1
SUGGESTION-000689,TICKET-005853,2026-08-16T15:48:00Z,ARTICLE-0142,0.67,human_review,area is consequential,0
SUGGESTION-000690,TICKET-005854,2026-08-14T07:27:00Z,ARTICLE-0142,0.88,auto_send,confidence above threshold,1
SUGGESTION-000691,TICKET-005855,2026-08-19T08:19:00Z,ARTICLE-0142,0.68,auto_send,confidence above threshold,1
SUGGESTION-000692,TICKET-005856,2026-08-27T17:50:00Z,ARTICLE-0142,0.58,auto_send,confidence above threshold,1
SUGGESTION-000693,TICKET-005857,2026-08-19T13:01:00Z,ARTICLE-0142,0.9,auto_send,confidence above threshold,1
SUGGESTION-000694,TICKET-005858,2026-08-22T09:50:00Z,ARTICLE-0142,0.69,auto_send,confidence above threshold,1
SUGGESTION-000695,TICKET-005861,2026-08-03T14:56:00Z,ARTICLE-0142,0.7,human_review,area is consequential,0
SUGGESTION-000696,TICKET-005862,2026-08-08T15:44:00Z,ARTICLE-0142,0.65,auto_send,confidence above threshold,1
SUGGESTION-000697,TICKET-005863,2026-08-27T15:11:00Z,ARTICLE-0142,0.82,human_review,area is consequential,0
SUGGESTION-000698,TICKET-005864,2026-08-22T12:15:00Z,ARTICLE-0142,0.66,human_review,area is consequential,0
SUGGESTION-000699,TICKET-005865,2026-08-20T11:50:00Z,ARTICLE-0142,0.9,auto_send,confidence above threshold,1
SUGGESTION-000700,TICKET-005867,2026-08-27T13:04:00Z,ARTICLE-0142,0.87,auto_send,confidence above threshold,1
SUGGESTION-000701,TICKET-005868,2026-08-15T11:23:00Z,ARTICLE-0142,0.78,auto_send,confidence above threshold,1
SUGGESTION-000702,TICKET-005869,2026-08-12T11:50:00Z,ARTICLE-0142,0.87,auto_send,confidence above threshold,1
SUGGESTION-000703,TICKET-005870,2026-08-11T13:10:00Z,ARTICLE-0142,0.74,human_review,area is consequential,0
SUGGESTION-000704,TICKET-005871,2026-08-22T07:03:00Z,ARTICLE-0142,0.76,auto_send,confidence above threshold,1
SUGGESTION-000705,TICKET-005872,2026-08-17T16:33:00Z,ARTICLE-0142,0.58,human_review,area is consequential,0
SUGGESTION-000706,TICKET-005874,2026-08-27T12:01:00Z,ARTICLE-0142,0.82,auto_send,confidence above threshold,1
SUGGESTION-000707,TICKET-005876,2026-08-17T13:40:00Z,ARTICLE-0142,0.63,auto_send,confidence above threshold,1
SUGGESTION-000708,TICKET-005877,2026-08-07T13:14:00Z,ARTICLE-0142,0.83,human_review,area is consequential,0
SUGGESTION-000709,TICKET-005878,2026-08-24T18:42:00Z,ARTICLE-0142,0.83,auto_send,confidence above threshold,1
SUGGESTION-000710,TICKET-005879,2026-08-16T12:05:00Z,ARTICLE-0142,0.71,auto_send,confidence above threshold,1
SUGGESTION-000711,TICKET-005880,2026-08-16T14:15:00Z,ARTICLE-0142,0.64,auto_send,confidence above threshold,1
SUGGESTION-000712,TICKET-005881,2026-08-07T12:10:00Z,ARTICLE-0142,0.58,human_review,area is consequential,0
SUGGESTION-000713,TICKET-005882,2026-08-21T10:01:00Z,ARTICLE-0142,0.83,human_review,area is consequential,0
SUGGESTION-000714,TICKET-005884,2026-08-17T12:14:00Z,ARTICLE-0142,0.63,auto_send,confidence above threshold,1
SUGGESTION-000715,TICKET-005885,2026-08-19T09:52:00Z,ARTICLE-0142,0.69,auto_send,confidence above threshold,1
SUGGESTION-000716,TICKET-005886,2026-08-02T10:12:00Z,ARTICLE-0142,0.86,human_review,area is consequential,0
SUGGESTION-000717,TICKET-005887,2026-08-21T14:41:00Z,ARTICLE-0142,0.55,human_review,area is consequential,0
SUGGESTION-000718,TICKET-005889,2026-08-22T08:29:00Z,ARTICLE-0142,0.79,human_review,area is consequential,0
SUGGESTION-000719,TICKET-005891,2026-08-22T14:05:00Z,ARTICLE-0142,0.8,human_review,area is consequential,0
SUGGESTION-000720,TICKET-005893,2026-08-08T13:38:00Z,ARTICLE-0142,0.71,auto_send,confidence above threshold,1
SUGGESTION-000721,TICKET-005895,2026-08-18T16:12:00Z,ARTICLE-0142,0.96,human_review,area is consequential,0
SUGGESTION-000722,TICKET-005896,2026-08-21T08:19:00Z,ARTICLE-0142,0.9,auto_send,confidence above threshold,1
SUGGESTION-000723,TICKET-005897,2026-08-09T14:36:00Z,ARTICLE-0142,0.78,human_review,area is consequential,0
SUGGESTION-000724,TICKET-005900,2026-08-15T18:47:00Z,ARTICLE-0142,0.86,auto_send,confidence above threshold,1
SUGGESTION-000725,TICKET-005901,2026-08-07T12:38:00Z,ARTICLE-0142,0.58,human_review,area is consequential,0
SUGGESTION-000726,TICKET-005902,2026-08-08T09:35:00Z,ARTICLE-0142,0.59,human_review,area is consequential,0
SUGGESTION-000727,TICKET-005904,2026-08-05T11:41:00Z,ARTICLE-0142,0.58,human_review,area is consequential,0
SUGGESTION-000728,TICKET-005905,2026-08-12T12:15:00Z,ARTICLE-0142,0.76,human_review,area is consequential,0
SUGGESTION-000729,TICKET-005906,2026-08-19T11:54:00Z,ARTICLE-0142,0.68,auto_send,confidence above threshold,1
SUGGESTION-000730,TICKET-005907,2026-08-12T16:18:00Z,ARTICLE-0142,0.61,auto_send,confidence above threshold,1
SUGGESTION-000731,TICKET-005908,2026-08-23T07:49:00Z,ARTICLE-0142,0.93,human_review,area is consequential,0
SUGGESTION-000732,TICKET-005909,2026-08-15T12:11:00Z,ARTICLE-0142,0.75,auto_send,confidence above threshold,1
SUGGESTION-000733,TICKET-005910,2026-08-16T13:24:00Z,ARTICLE-0142,0.81,auto_send,confidence above threshold,1
SUGGESTION-000734,TICKET-005911,2026-08-02T12:33:00Z,ARTICLE-0142,0.77,auto_send,confidence above threshold,1
SUGGESTION-000735,TICKET-005912,2026-08-13T14:34:00Z,ARTICLE-0142,0.56,human_review,area is consequential,0
SUGGESTION-000736,TICKET-005913,2026-08-26T18:50:00Z,ARTICLE-0142,0.9,auto_send,confidence above threshold,1
SUGGESTION-000737,TICKET-005915,2026-08-24T13:00:00Z,ARTICLE-0142,0.93,human_review,area is consequential,0
SUGGESTION-000738,TICKET-005917,2026-08-05T17:30:00Z,ARTICLE-0142,0.81,human_review,area is consequential,0
SUGGESTION-000739,TICKET-005918,2026-08-05T07:03:00Z,ARTICLE-0142,0.96,auto_send,confidence above threshold,1
SUGGESTION-000740,TICKET-005919,2026-08-21T18:18:00Z,ARTICLE-0142,0.62,human_review,area is consequential,0
SUGGESTION-000741,TICKET-005920,2026-08-04T13:35:00Z,ARTICLE-0142,0.69,auto_send,confidence above threshold,1
SUGGESTION-000742,TICKET-005921,2026-08-16T10:40:00Z,ARTICLE-0142,0.72,auto_send,confidence above threshold,1
SUGGESTION-000743,TICKET-005924,2026-08-18T14:31:00Z,ARTICLE-0142,0.69,auto_send,confidence above threshold,1
SUGGESTION-000744,TICKET-005925,2026-08-03T14:47:00Z,ARTICLE-0142,0.69,human_review,area is consequential,0
SUGGESTION-000745,TICKET-005926,2026-08-03T10:30:00Z,ARTICLE-0142,0.8,human_review,area is consequential,0
SUGGESTION-000746,TICKET-005927,2026-08-11T09:30:00Z,ARTICLE-0142,0.95,auto_send,confidence above threshold,1
SUGGESTION-000747,TICKET-005928,2026-08-14T08:38:00Z,ARTICLE-0142,0.79,auto_send,confidence above threshold,1
SUGGESTION-000748,TICKET-005929,2026-08-24T12:41:00Z,ARTICLE-0142,0.84,human_review,area is consequential,0
SUGGESTION-000749,TICKET-005931,2026-08-04T08:06:00Z,ARTICLE-0142,0.81,human_review,area is consequential,0
SUGGESTION-000750,TICKET-005932,2026-08-03T15:45:00Z,ARTICLE-0142,0.65,auto_send,confidence above threshold,1
SUGGESTION-000751,TICKET-005933,2026-08-09T17:27:00Z,ARTICLE-0142,0.88,auto_send,confidence above threshold,1
SUGGESTION-000752,TICKET-005934,2026-08-03T14:38:00Z,ARTICLE-0142,0.61,human_review,area is consequential,0
SUGGESTION-000753,TICKET-005935,2026-08-01T16:54:00Z,ARTICLE-0142,0.67,auto_send,confidence above threshold,1
SUGGESTION-000754,TICKET-005936,2026-08-21T14:40:00Z,ARTICLE-0142,0.75,auto_send,confidence above threshold,1
SUGGESTION-000755,TICKET-005937,2026-08-24T11:02:00Z,ARTICLE-0142,0.56,human_review,area is consequential,0
SUGGESTION-000756,TICKET-005938,2026-08-11T09:12:00Z,ARTICLE-0142,0.69,human_review,area is consequential,0
SUGGESTION-000757,TICKET-005939,2026-08-23T08:05:00Z,ARTICLE-0142,0.86,auto_send,confidence above threshold,1
SUGGESTION-000758,TICKET-005940,2026-08-05T11:49:00Z,ARTICLE-0142,0.59,auto_send,confidence above threshold,1
SUGGESTION-000759,TICKET-005941,2026-08-09T11:20:00Z,ARTICLE-0142,0.88,auto_send,confidence above threshold,1
SUGGESTION-000760,TICKET-005945,2026-08-12T12:22:00Z,ARTICLE-0142,0.9,human_review,area is consequential,0
SUGGESTION-000761,TICKET-005947,2026-08-18T09:04:00Z,ARTICLE-0142,0.63,auto_send,confidence above threshold,1
SUGGESTION-000762,TICKET-005948,2026-08-11T11:27:00Z,ARTICLE-0142,0.93,auto_send,confidence above threshold,1
SUGGESTION-000763,TICKET-005952,2026-08-24T08:31:00Z,ARTICLE-0142,0.78,human_review,area is consequential,0
SUGGESTION-000764,TICKET-005953,2026-08-25T11:54:00Z,ARTICLE-0142,0.72,auto_send,confidence above threshold,1
SUGGESTION-000765,TICKET-005954,2026-08-15T08:30:00Z,ARTICLE-0142,0.87,auto_send,confidence above threshold,1
SUGGESTION-000766,TICKET-005955,2026-08-25T07:20:00Z,ARTICLE-0142,0.94,auto_send,confidence above threshold,1
SUGGESTION-000767,TICKET-005956,2026-08-20T14:57:00Z,ARTICLE-0142,0.61,auto_send,confidence above threshold,1
SUGGESTION-000768,TICKET-005957,2026-08-09T13:45:00Z,ARTICLE-0142,0.85,human_review,area is consequential,0
SUGGESTION-000769,TICKET-005958,2026-08-07T10:03:00Z,ARTICLE-0142,0.68,auto_send,confidence above threshold,1
SUGGESTION-000770,TICKET-005960,2026-08-24T10:47:00Z,ARTICLE-0142,0.79,human_review,area is consequential,0
SUGGESTION-000771,TICKET-005962,2026-08-26T08:50:00Z,ARTICLE-0142,0.69,auto_send,confidence above threshold,1
SUGGESTION-000772,TICKET-005963,2026-08-27T10:43:00Z,ARTICLE-0142,0.78,human_review,area is consequential,0
SUGGESTION-000773,TICKET-005964,2026-08-14T10:09:00Z,ARTICLE-0142,0.93,human_review,area is consequential,0
SUGGESTION-000774,TICKET-005965,2026-08-03T13:17:00Z,ARTICLE-0142,0.58,auto_send,confidence above threshold,1
SUGGESTION-000775,TICKET-005966,2026-08-01T17:31:00Z,ARTICLE-0142,0.92,auto_send,confidence above threshold,1
SUGGESTION-000776,TICKET-005967,2026-08-18T07:12:00Z,ARTICLE-0142,0.97,human_review,area is consequential,0
SUGGESTION-000777,TICKET-005968,2026-08-02T17:50:00Z,ARTICLE-0142,0.67,human_review,area is consequential,0
SUGGESTION-000778,TICKET-005969,2026-08-18T09:40:00Z,ARTICLE-0142,0.59,auto_send,confidence above threshold,1
SUGGESTION-000779,TICKET-005970,2026-08-24T16:43:00Z,ARTICLE-0142,0.61,human_review,area is consequential,0
SUGGESTION-000780,TICKET-005971,2026-08-10T13:06:00Z,ARTICLE-0142,0.89,auto_send,confidence above threshold,1
SUGGESTION-000781,TICKET-005977,2026-08-20T11:52:00Z,ARTICLE-0142,0.61,auto_send,confidence above threshold,1
SUGGESTION-000782,TICKET-005979,2026-08-01T12:41:00Z,ARTICLE-0142,0.84,auto_send,confidence above threshold,1
SUGGESTION-000783,TICKET-005981,2026-08-17T13:20:00Z,ARTICLE-0142,0.91,human_review,area is consequential,0
SUGGESTION-000784,TICKET-005983,2026-08-05T16:46:00Z,ARTICLE-0142,0.66,human_review,area is consequential,0
SUGGESTION-000785,TICKET-005985,2026-08-18T16:21:00Z,ARTICLE-0142,0.92,auto_send,confidence above threshold,1
SUGGESTION-000786,TICKET-005987,2026-08-02T16:42:00Z,ARTICLE-0142,0.85,auto_send,confidence above threshold,1
SUGGESTION-000787,TICKET-005988,2026-08-07T15:14:00Z,ARTICLE-0142,0.87,human_review,area is consequential,0
SUGGESTION-000788,TICKET-005989,2026-08-12T16:36:00Z,ARTICLE-0142,0.73,auto_send,confidence above threshold,1
SUGGESTION-000789,TICKET-005991,2026-08-16T09:28:00Z,ARTICLE-0142,0.91,auto_send,confidence above threshold,1
SUGGESTION-000790,TICKET-005993,2026-08-17T07:43:00Z,ARTICLE-0142,0.56,auto_send,confidence above threshold,1
SUGGESTION-000791,TICKET-005994,2026-08-18T08:15:00Z,ARTICLE-0142,0.66,human_review,area is consequential,0
SUGGESTION-000792,TICKET-005995,2026-08-17T13:16:00Z,ARTICLE-0142,0.86,human_review,area is consequential,0
SUGGESTION-000793,TICKET-005997,2026-08-11T12:39:00Z,ARTICLE-0142,0.81,human_review,area is consequential,0
SUGGESTION-000794,TICKET-005998,2026-08-17T13:10:00Z,ARTICLE-0142,0.66,auto_send,confidence above threshold,1
SUGGESTION-000795,TICKET-005999,2026-08-20T13:46:00Z,ARTICLE-0142,0.8,human_review,area is consequential,0
SUGGESTION-000796,TICKET-006001,2026-08-06T14:42:00Z,ARTICLE-0142,0.88,auto_send,confidence above threshold,1
SUGGESTION-000797,TICKET-006003,2026-08-22T14:36:00Z,ARTICLE-0142,0.85,auto_send,confidence above threshold,1
SUGGESTION-000798,TICKET-006004,2026-08-08T15:56:00Z,ARTICLE-0142,0.78,human_review,area is consequential,0
SUGGESTION-000799,TICKET-006005,2026-08-22T15:08:00Z,ARTICLE-0142,0.74,human_review,area is consequential,0
SUGGESTION-000800,TICKET-006006,2026-08-14T10:32:00Z,ARTICLE-0142,0.87,human_review,area is consequential,0
SUGGESTION-000801,TICKET-006009,2026-08-17T14:24:00Z,ARTICLE-0142,0.73,auto_send,confidence above threshold,1
SUGGESTION-000802,TICKET-006010,2026-08-04T12:04:00Z,ARTICLE-0142,0.92,auto_send,confidence above threshold,1
SUGGESTION-000803,TICKET-006011,2026-08-02T10:54:00Z,ARTICLE-0142,0.59,auto_send,confidence above threshold,1
SUGGESTION-000804,TICKET-006013,2026-08-11T18:43:00Z,ARTICLE-0142,0.82,human_review,area is consequential,0
SUGGESTION-000805,TICKET-006015,2026-08-09T13:34:00Z,ARTICLE-0142,0.93,human_review,area is consequential,0
SUGGESTION-000806,TICKET-006017,2026-08-11T15:55:00Z,ARTICLE-0142,0.92,auto_send,confidence above threshold,1
SUGGESTION-000807,TICKET-006018,2026-08-10T07:03:00Z,ARTICLE-0142,0.66,auto_send,confidence above threshold,1
SUGGESTION-000808,TICKET-006020,2026-08-27T10:40:00Z,ARTICLE-0142,0.76,human_review,area is consequential,0
SUGGESTION-000809,TICKET-006021,2026-08-04T10:07:00Z,ARTICLE-0142,0.58,human_review,area is consequential,0
SUGGESTION-000810,TICKET-006024,2026-08-27T18:01:00Z,ARTICLE-0142,0.78,auto_send,confidence above threshold,1
SUGGESTION-000811,TICKET-006026,2026-08-12T07:19:00Z,ARTICLE-0142,0.94,human_review,area is consequential,0
SUGGESTION-000812,TICKET-006027,2026-08-25T17:23:00Z,ARTICLE-0142,0.71,human_review,area is consequential,0
SUGGESTION-000813,TICKET-006028,2026-08-22T15:31:00Z,ARTICLE-0142,0.61,auto_send,confidence above threshold,1
SUGGESTION-000814,TICKET-006030,2026-08-13T07:51:00Z,ARTICLE-0142,0.74,auto_send,confidence above threshold,1
SUGGESTION-000815,TICKET-006032,2026-08-13T09:49:00Z,ARTICLE-0142,0.63,auto_send,confidence above threshold,1
SUGGESTION-000816,TICKET-006034,2026-08-10T07:02:00Z,ARTICLE-0142,0.87,auto_send,confidence above threshold,1
SUGGESTION-000817,TICKET-006035,2026-08-08T14:00:00Z,ARTICLE-0142,0.8,human_review,area is consequential,0
SUGGESTION-000818,TICKET-006036,2026-08-07T13:24:00Z,ARTICLE-0142,0.88,human_review,area is consequential,0
SUGGESTION-000819,TICKET-006038,2026-08-17T17:03:00Z,ARTICLE-0142,0.72,human_review,area is consequential,0
SUGGESTION-000820,TICKET-006039,2026-08-10T17:08:00Z,ARTICLE-0142,0.58,human_review,area is consequential,0
SUGGESTION-000821,TICKET-006040,2026-08-14T13:46:00Z,ARTICLE-0142,0.61,auto_send,confidence above threshold,1
SUGGESTION-000822,TICKET-006041,2026-08-17T13:24:00Z,ARTICLE-0142,0.83,human_review,area is consequential,0
SUGGESTION-000823,TICKET-006042,2026-08-06T07:18:00Z,ARTICLE-0142,0.89,human_review,area is consequential,0
SUGGESTION-000824,TICKET-006043,2026-08-05T13:34:00Z,ARTICLE-0142,0.79,human_review,area is consequential,0
SUGGESTION-000825,TICKET-006044,2026-08-02T11:22:00Z,ARTICLE-0142,0.86,auto_send,confidence above threshold,1
SUGGESTION-000826,TICKET-006046,2026-08-22T11:17:00Z,ARTICLE-0142,0.55,human_review,area is consequential,0
SUGGESTION-000827,TICKET-006055,2026-08-09T12:19:00Z,ARTICLE-0142,0.94,auto_send,confidence above threshold,1
SUGGESTION-000828,TICKET-006056,2026-08-26T08:37:00Z,ARTICLE-0142,0.87,auto_send,confidence above threshold,1
SUGGESTION-000829,TICKET-006058,2026-08-06T07:52:00Z,ARTICLE-0142,0.86,auto_send,confidence above threshold,1
SUGGESTION-000830,TICKET-006060,2026-08-16T12:41:00Z,ARTICLE-0142,0.58,auto_send,confidence above threshold,1
SUGGESTION-000831,TICKET-006062,2026-08-12T09:28:00Z,ARTICLE-0142,0.71,auto_send,confidence above threshold,1
SUGGESTION-000832,TICKET-006063,2026-08-24T17:54:00Z,ARTICLE-0142,0.94,human_review,area is consequential,0
SUGGESTION-000833,TICKET-006064,2026-08-08T11:34:00Z,ARTICLE-0142,0.91,auto_send,confidence above threshold,1
SUGGESTION-000834,TICKET-006066,2026-08-01T10:38:00Z,ARTICLE-0142,0.82,auto_send,confidence above threshold,1
SUGGESTION-000835,TICKET-006068,2026-08-20T14:56:00Z,ARTICLE-0142,0.59,human_review,area is consequential,0
SUGGESTION-000836,TICKET-006069,2026-08-25T12:41:00Z,ARTICLE-0142,0.6,human_review,area is consequential,0
SUGGESTION-000837,TICKET-006070,2026-08-14T08:42:00Z,ARTICLE-0142,0.91,human_review,area is consequential,0
SUGGESTION-000838,TICKET-006072,2026-08-25T11:22:00Z,ARTICLE-0142,0.57,human_review,area is consequential,0
SUGGESTION-000839,TICKET-006076,2026-08-15T09:10:00Z,ARTICLE-0142,0.68,human_review,area is consequential,0
SUGGESTION-000840,TICKET-006077,2026-08-09T18:22:00Z,ARTICLE-0142,0.84,auto_send,confidence above threshold,1
SUGGESTION-000841,TICKET-006081,2026-08-17T07:53:00Z,ARTICLE-0142,0.62,human_review,area is consequential,0
SUGGESTION-000842,TICKET-006087,2026-08-16T07:29:00Z,ARTICLE-0142,0.73,human_review,area is consequential,0
SUGGESTION-000843,TICKET-006088,2026-08-01T16:13:00Z,ARTICLE-0142,0.69,human_review,area is consequential,0
SUGGESTION-000844,TICKET-006089,2026-08-06T07:35:00Z,ARTICLE-0142,0.92,auto_send,confidence above threshold,1
SUGGESTION-000845,TICKET-006090,2026-08-19T12:04:00Z,ARTICLE-0142,0.6,human_review,area is consequential,0
SUGGESTION-000846,TICKET-006091,2026-08-20T08:07:00Z,ARTICLE-0142,0.67,human_review,area is consequential,0
SUGGESTION-000847,TICKET-006092,2026-08-14T14:33:00Z,ARTICLE-0142,0.55,auto_send,confidence above threshold,1
SUGGESTION-000848,TICKET-006093,2026-08-07T17:50:00Z,ARTICLE-0142,0.55,auto_send,confidence above threshold,1
SUGGESTION-000849,TICKET-006095,2026-08-12T16:25:00Z,ARTICLE-0142,0.82,auto_send,confidence above threshold,1
SUGGESTION-000850,TICKET-006096,2026-08-20T08:30:00Z,ARTICLE-0142,0.87,human_review,area is consequential,0
SUGGESTION-000851,TICKET-006097,2026-08-22T10:17:00Z,ARTICLE-0142,0.76,human_review,area is consequential,0
SUGGESTION-000852,TICKET-006098,2026-08-13T10:10:00Z,ARTICLE-0142,0.9,human_review,area is consequential,0
SUGGESTION-000853,TICKET-006099,2026-08-16T09:24:00Z,ARTICLE-0142,0.68,auto_send,confidence above threshold,1
SUGGESTION-000854,TICKET-006100,2026-08-03T13:39:00Z,ARTICLE-0142,0.55,auto_send,confidence above threshold,1
SUGGESTION-000855,TICKET-006103,2026-08-23T15:01:00Z,ARTICLE-0142,0.94,auto_send,confidence above threshold,1
SUGGESTION-000856,TICKET-006104,2026-08-06T12:12:00Z,ARTICLE-0142,0.6,human_review,area is consequential,0
SUGGESTION-000857,TICKET-006105,2026-08-10T17:26:00Z,ARTICLE-0142,0.68,auto_send,confidence above threshold,1
SUGGESTION-000858,TICKET-006108,2026-08-18T18:52:00Z,ARTICLE-0142,0.6,human_review,area is consequential,0
SUGGESTION-000859,TICKET-006109,2026-08-02T11:31:00Z,ARTICLE-0142,0.6,auto_send,confidence above threshold,1
SUGGESTION-000860,TICKET-006110,2026-08-23T16:02:00Z,ARTICLE-0142,0.58,auto_send,confidence above threshold,1
SUGGESTION-000861,TICKET-006111,2026-08-27T12:17:00Z,ARTICLE-0142,0.68,auto_send,confidence above threshold,1
SUGGESTION-000862,TICKET-006112,2026-08-01T11:58:00Z,ARTICLE-0142,0.91,human_review,area is consequential,0
SUGGESTION-000863,TICKET-006113,2026-08-14T10:57:00Z,ARTICLE-0142,0.92,auto_send,confidence above threshold,1
SUGGESTION-000864,TICKET-006114,2026-08-08T08:10:00Z,ARTICLE-0142,0.92,human_review,area is consequential,0
SUGGESTION-000865,TICKET-006115,2026-08-05T13:42:00Z,ARTICLE-0142,0.83,auto_send,confidence above threshold,1
SUGGESTION-000866,TICKET-006118,2026-08-25T07:15:00Z,ARTICLE-0142,0.72,human_review,area is consequential,0
SUGGESTION-000867,TICKET-006119,2026-08-01T16:36:00Z,ARTICLE-0142,0.88,human_review,area is consequential,0
SUGGESTION-000868,TICKET-006120,2026-08-15T11:42:00Z,ARTICLE-0142,0.83,auto_send,confidence above threshold,1
SUGGESTION-000869,TICKET-006121,2026-08-06T18:08:00Z,ARTICLE-0142,0.61,auto_send,confidence above threshold,1
SUGGESTION-000870,TICKET-006122,2026-08-24T07:33:00Z,ARTICLE-0142,0.7,human_review,area is consequential,0
SUGGESTION-000871,TICKET-006123,2026-08-26T15:24:00Z,ARTICLE-0142,0.74,auto_send,confidence above threshold,1
SUGGESTION-000872,TICKET-006125,2026-08-27T18:59:00Z,ARTICLE-0142,0.6,auto_send,confidence above threshold,1
SUGGESTION-000873,TICKET-006126,2026-08-09T08:51:00Z,ARTICLE-0142,0.6,human_review,area is consequential,0
SUGGESTION-000874,TICKET-006127,2026-08-11T18:55:00Z,ARTICLE-0142,0.7,human_review,area is consequential,0
SUGGESTION-000875,TICKET-006128,2026-08-25T09:12:00Z,ARTICLE-0142,0.86,human_review,area is consequential,0
SUGGESTION-000876,TICKET-006129,2026-08-04T16:13:00Z,ARTICLE-0142,0.61,auto_send,confidence above threshold,1
SUGGESTION-000877,TICKET-006130,2026-08-27T10:13:00Z,ARTICLE-0142,0.62,auto_send,confidence above threshold,1
SUGGESTION-000878,TICKET-006133,2026-08-08T15:14:00Z,ARTICLE-0142,0.86,auto_send,confidence above threshold,1
SUGGESTION-000879,TICKET-006135,2026-08-26T13:45:00Z,ARTICLE-0142,0.95,auto_send,confidence above threshold,1
SUGGESTION-000880,TICKET-006136,2026-08-25T10:54:00Z,ARTICLE-0142,0.94,human_review,area is consequential,0
SUGGESTION-000881,TICKET-006137,2026-08-21T11:08:00Z,ARTICLE-0142,0.73,auto_send,confidence above threshold,1
SUGGESTION-000882,TICKET-006138,2026-08-22T14:23:00Z,ARTICLE-0142,0.7,auto_send,confidence above threshold,1
SUGGESTION-000883,TICKET-006139,2026-08-10T18:54:00Z,ARTICLE-0142,0.79,auto_send,confidence above threshold,1
SUGGESTION-000884,TICKET-006140,2026-08-18T15:53:00Z,ARTICLE-0142,0.84,auto_send,confidence above threshold,1
SUGGESTION-000885,TICKET-006142,2026-08-25T11:36:00Z,ARTICLE-0142,0.64,auto_send,confidence above threshold,1
SUGGESTION-000886,TICKET-006143,2026-08-05T07:17:00Z,ARTICLE-0142,0.65,auto_send,confidence above threshold,1
SUGGESTION-000887,TICKET-006144,2026-08-02T09:13:00Z,ARTICLE-0142,0.9,human_review,area is consequential,0
SUGGESTION-000888,TICKET-006146,2026-08-12T08:22:00Z,ARTICLE-0142,0.58,auto_send,confidence above threshold,1
SUGGESTION-000889,TICKET-006147,2026-08-08T12:17:00Z,ARTICLE-0142,0.79,human_review,area is consequential,0
SUGGESTION-000890,TICKET-006149,2026-08-05T17:14:00Z,ARTICLE-0142,0.9,auto_send,confidence above threshold,1
SUGGESTION-000891,TICKET-006150,2026-08-23T10:21:00Z,ARTICLE-0142,0.68,human_review,area is consequential,0
SUGGESTION-000892,TICKET-006151,2026-08-25T18:00:00Z,ARTICLE-0142,0.62,human_review,area is consequential,0
SUGGESTION-000893,TICKET-006153,2026-08-27T09:10:00Z,ARTICLE-0142,0.83,auto_send,confidence above threshold,1
SUGGESTION-000894,TICKET-006154,2026-08-14T09:28:00Z,ARTICLE-0142,0.79,human_review,area is consequential,0
SUGGESTION-000895,TICKET-006155,2026-08-08T13:23:00Z,ARTICLE-0142,0.79,human_review,area is consequential,0
SUGGESTION-000896,TICKET-006156,2026-08-11T13:51:00Z,ARTICLE-0142,0.88,auto_send,confidence above threshold,1
SUGGESTION-000897,TICKET-006157,2026-08-15T14:37:00Z,ARTICLE-0142,0.61,auto_send,confidence above threshold,1
SUGGESTION-000898,TICKET-006158,2026-08-26T09:29:00Z,ARTICLE-0142,0.94,auto_send,confidence above threshold,1
SUGGESTION-000899,TICKET-006159,2026-08-12T11:33:00Z,ARTICLE-0142,0.78,human_review,area is consequential,0
SUGGESTION-000900,TICKET-006161,2026-08-06T09:50:00Z,ARTICLE-0142,0.55,auto_send,confidence above threshold,1
SUGGESTION-000901,TICKET-006162,2026-08-12T13:36:00Z,ARTICLE-0142,0.71,human_review,area is consequential,0
SUGGESTION-000902,TICKET-006166,2026-08-24T14:54:00Z,ARTICLE-0142,0.8,auto_send,confidence above threshold,1
SUGGESTION-000903,TICKET-006167,2026-08-07T09:12:00Z,ARTICLE-0142,0.67,human_review,area is consequential,0
SUGGESTION-000904,TICKET-006168,2026-08-27T14:19:00Z,ARTICLE-0142,0.92,auto_send,confidence above threshold,1
SUGGESTION-000905,TICKET-006170,2026-08-02T15:29:00Z,ARTICLE-0142,0.92,human_review,area is consequential,0
SUGGESTION-000906,TICKET-006171,2026-08-03T15:06:00Z,ARTICLE-0142,0.69,auto_send,confidence above threshold,1
SUGGESTION-000907,TICKET-006172,2026-08-26T10:24:00Z,ARTICLE-0142,0.67,auto_send,confidence above threshold,1
SUGGESTION-000908,TICKET-006173,2026-08-15T14:21:00Z,ARTICLE-0142,0.94,auto_send,confidence above threshold,1
SUGGESTION-000909,TICKET-006174,2026-08-22T13:02:00Z,ARTICLE-0142,0.57,auto_send,confidence above threshold,1
SUGGESTION-000910,TICKET-006175,2026-08-01T13:49:00Z,ARTICLE-0142,0.73,auto_send,confidence above threshold,1
SUGGESTION-000911,TICKET-006176,2026-08-16T17:21:00Z,ARTICLE-0142,0.82,auto_send,confidence above threshold,1
SUGGESTION-000912,TICKET-006177,2026-08-26T15:09:00Z,ARTICLE-0142,0.73,auto_send,confidence above threshold,1
SUGGESTION-000913,TICKET-006178,2026-08-18T13:59:00Z,ARTICLE-0142,0.61,auto_send,confidence above threshold,1
SUGGESTION-000914,TICKET-006179,2026-08-23T14:48:00Z,ARTICLE-0142,0.78,auto_send,confidence above threshold,1
SUGGESTION-000915,TICKET-006180,2026-08-27T16:00:00Z,ARTICLE-0142,0.95,human_review,area is consequential,0
SUGGESTION-000916,TICKET-006182,2026-08-13T16:37:00Z,ARTICLE-0142,0.81,auto_send,confidence above threshold,1
SUGGESTION-000917,TICKET-006183,2026-08-22T16:49:00Z,ARTICLE-0142,0.96,human_review,area is consequential,0
SUGGESTION-000918,TICKET-006184,2026-08-05T07:13:00Z,ARTICLE-0142,0.86,auto_send,confidence above threshold,1
SUGGESTION-000919,TICKET-006185,2026-08-09T18:26:00Z,ARTICLE-0142,0.74,auto_send,confidence above threshold,1
SUGGESTION-000920,TICKET-006187,2026-08-17T08:15:00Z,ARTICLE-0142,0.63,auto_send,confidence above threshold,1
SUGGESTION-000921,TICKET-006188,2026-08-08T10:37:00Z,ARTICLE-0142,0.73,human_review,area is consequential,0
SUGGESTION-000922,TICKET-006189,2026-08-12T11:45:00Z,ARTICLE-0142,0.58,human_review,area is consequential,0
SUGGESTION-000923,TICKET-006190,2026-08-19T11:54:00Z,ARTICLE-0142,0.73,human_review,area is consequential,0
SUGGESTION-000924,TICKET-006191,2026-08-03T12:18:00Z,ARTICLE-0142,0.56,auto_send,confidence above threshold,1
SUGGESTION-000925,TICKET-006192,2026-08-06T16:40:00Z,ARTICLE-0142,0.85,auto_send,confidence above threshold,1
SUGGESTION-000926,TICKET-006193,2026-08-03T08:45:00Z,ARTICLE-0142,0.75,human_review,area is consequential,0
SUGGESTION-000927,TICKET-006194,2026-08-11T18:07:00Z,ARTICLE-0142,0.88,human_review,area is consequential,0
SUGGESTION-000928,TICKET-006195,2026-08-22T10:31:00Z,ARTICLE-0142,0.77,human_review,area is consequential,0
SUGGESTION-000929,TICKET-006196,2026-08-17T17:41:00Z,ARTICLE-0142,0.96,human_review,area is consequential,0
SUGGESTION-000930,TICKET-006197,2026-08-27T07:23:00Z,ARTICLE-0142,0.91,human_review,area is consequential,0
SUGGESTION-000931,TICKET-006199,2026-08-25T16:27:00Z,ARTICLE-0142,0.65,auto_send,confidence above threshold,1
SUGGESTION-000932,TICKET-006200,2026-08-22T10:03:00Z,ARTICLE-0142,0.94,human_review,area is consequential,0
SUGGESTION-000933,TICKET-006201,2026-08-20T15:54:00Z,ARTICLE-0142,0.83,auto_send,confidence above threshold,1
